Subject,Age,Gender
8001,21,Female
8002,19,Female
8003,18,Female
8004,18,Female
8005,18,Female
8006,19,Female
8007,19,Female
8008,18,Male
8009,18,Female
8010,19,Female
8011,18,Female
8012,18,Female
8013,18,Male
8014,18,Female
8015,18,Male
8016,20,Female
8017,18,Female
8018,19,Male
8019,19,Female
8020,18,Male
8021,19,Female
8022,18,Male
8023,19,Female
8024,19,Male
8025,19,Female
8026,19,Female
8027,18,Female
8028,19,Male
8029,19,Female
8030,17,Female
8031,18,Female
8032,19,Female
8033,18,Female
8034,18,Male
8035,20,Male
8036,19,Male
8037,18,Male
8038,17,Male
8039,18,Male
8040,18,Female
8041,18,Male
8042,18,Female
8043,17,Female
8044,18,Male
8045,19,Female
8046,18,Female
8047,18,Female
8048,17,Female
8049,18,Male
8050,21,Female
8051,19,Female
8052,20,Female
8053,18,Female
8054,17,Male
8055,18,Female
8056,18,Female
8057,18,Male
8058,18,Male
8059,18,Female
8060,18,Female
8061,21,Female
8062,18,Female
8063,19,Female
8064,18,Female
8065,,
8066,20,Female
8067,18,Female
8068,18,Female
8069,19,Female
8070,18,Female
8071,18,Female
8072,18,Female
8073,17,Female
8074,19,Male
8075,18,Female
8076,18,Female
8077,18,Female
8078,17,Female
8079,18,female
8080,18,female
8081,20,female
8082,18,female
8083,20,female
8084,18,Male
8085,19,female
8086,20,female
8087,18,female
8088,18,Male
8089,18,Female
8090,20,Male
8091,18,Female
8092,22,Male
8093,19,Male
8094,19,male
8095,18,female
8096,20,female
8097,19,female
8098,18,female
8099,20,female
8100,18,Male
8101,20,Female
8102,20,Male
8103,18,Female
8104,20,Female
8105,18,Male
8106,18,Male
8107,19,Female
8108,18,female
8109,19,female
8110,18,female
8111,18,female
8112,18,female
8113,19,male
8114,18,female
8115,18,female
8116,19,female
8117,18,female
8118,17,female
8119,17,female
8120,19,female
8121,19,female
8122,18,male
8123,19,Female
8124,25,Male
8125,18,Male
8126,19,Female
8127,18,Female
8128,19,Female
8129,19,Male
8130,19,Female
8131,18,Male
8132,19,Female
8133,18,female
8134,19,female
8135,19,Male
8136,18,female
8137,18,male
8138,20,female
8139,19,female
8140,18,male
8141,20,male
8142,19,male
8143,18,female
8144,21,Female
8145,20,Male
8146,18,female
8147,17,female
8148,22,female
8149,19,male
8150,18,female
8151,20,Female
8152,18,Female
8153,21,male
8154,18,female
8155,19,male
8156,20,Female
8157,20,Female
8158,20,Female
8159,19,Female
8160,19,Female
8161,19,Female
8162,18,Male
8163,18,Female
8164,18,Female
8165,20,Female
8166,18,Male
8167,20,Female
8168,21,Female
8169,20,Female
8170,19,Female
8171,20,Female
8172,21,Female
8173,20,Female
8174,18,Female
8175,18,Female
8176,18,Female
8177,18,Female
8178,19,Male
8179,18,Female
8180,18,Female
8181,21,Female
8182,19,Female
8183,19,Female
8184,20,Male
8185,20,Female
8186,20,Female